Node ID,Index
U001,0
U002,1
U003,2
U004,3
U005,4
U006,5
U007,6
U008,7
U009,8
U010,9
U011,10
U012,11
U013,12
U014,13
U015,14
U016,15
U017,16
U018,17
U019,18
U020,19
U021,20
U022,21
U023,22
U024,23
U025,24
U026,25
U027,26
U028,27
U029,28
U030,29
U031,30
U032,31
U033,32
U034,33
U035,34
U036,35
U037,36
U038,37
U039,38
U040,39
U041,40
U042,41
U043,42
U044,43
U045,44
U046,45
U047,46
U048,47
U049,48
U050,49
N10146,50
N10048,51
N10106,52
N10062,53
N10017,54
N10129,55
N10141,56
N10023,57
N10058,58
N10140,59
N10056,60
N10095,61
N10161,62
N10157,63
N10092,64
N10035,65
N10159,66
N10059,67
N10096,68
N10098,69
N10011,70
N10186,71
N10125,72
N10090,73
N10029,74
N10020,75
N10038,76
N10181,77
N10189,78
N10012,79
N10078,80
N10015,81
N10060,82
N10173,83
N10183,84
N10019,85
N10068,86
N10142,87
N10124,88
N10024,89
N10123,90
N10001,91
N10082,92
N10197,93
N10174,94
N10109,95
N10171,96
N10168,97
N10184,98
N10006,99
N10166,100
N10070,101
N10088,102
N10100,103
N10071,104
N10010,105
N10049,106
N10021,107
N10150,108
N10196,109
N10116,110
N10026,111
N10030,112
N10074,113
N10093,114
N10182,115
N10094,116
N10149,117
N10044,118
N10005,119
N10148,120
N10135,121
N10195,122
N10004,123
N10067,124
N10043,125
N10114,126
N10003,127
N10097,128
N10075,129
N10130,130
N10155,131
N10121,132
N10108,133
N10188,134
N10047,135
N10144,136
N10051,137
N10042,138
N10087,139
N10076,140
N10069,141
N10103,142
N10153,143
N10139,144
N10115,145
N10102,146
N10081,147
N10187,148
N10198,149
N10022,150
N10169,151
N10027,152
N10147,153
N10132,154
N10013,155
N10172,156
N10031,157
N10122,158
N10002,159
N10072,160
N10120,161
N10083,162
N10101,163
N10163,164
N10052,165
N10191,166
N10091,167
N10063,168
N10061,169
N10180,170
N10156,171
N10037,172
N10199,173
N10193,174
N10041,175
N10025,176
N10110,177
N10143,178
N10136,179
N10133,180
N10077,181
N10032,182
N10131,183
N10104,184
N10190,185
N10164,186
N10151,187
N10177,188
N10185,189
N10107,190
N10040,191
N10145,192
N10152,193
N10176,194
N10105,195
N10119,196
N10014,197
N10099,198
N10128,199
N10112,200
N10089,201
N10008,202
N10034,203
N10165,204
N10028,205
N10085,206
N10117,207
N10053,208
N10179,209
N10064,210
N10170,211
N10080,212
N10137,213
N10158,214
SUMM0001,215
SUMM0002,216
SUMM0003,217
SUMM0004,218
SUMM0005,219
SUMM0006,220
SUMM0007,221
SUMM0008,222
SUMM0009,223
SUMM0010,224
SUMM0011,225
SUMM0012,226
SUMM0013,227
SUMM0014,228
SUMM0015,229
SUMM0016,230
SUMM0017,231
SUMM0018,232
SUMM0019,233
SUMM0020,234
SUMM0021,235
SUMM0022,236
SUMM0023,237
SUMM0024,238
SUMM0025,239
SUMM0026,240
SUMM0027,241
SUMM0028,242
SUMM0029,243
SUMM0030,244
SUMM0031,245
SUMM0032,246
SUMM0033,247
SUMM0034,248
SUMM0035,249
SUMM0036,250
SUMM0037,251
SUMM0038,252
SUMM0039,253
SUMM0040,254
SUMM0041,255
SUMM0042,256
SUMM0043,257
SUMM0044,258
SUMM0045,259
SUMM0046,260
SUMM0047,261
SUMM0048,262
SUMM0049,263
SUMM0050,264
